id,first_name,last_name,email,created_at
1,Carlos,Garcia,carlos.garcia1@example.com,2024-01-15
2,Lucia,Ruiz,lucia.ruiz2@example.com,2023-04-25
3,Elena,Martinez,elena.martinez3@example.com,2023-12-13
4,Alberto,Lopez,alberto.lopez4@example.com,2023-10-30
5,Ruben,Fernandez,ruben.fernandez5@example.com,2023-01-16
6,Marta,Gomez,marta.gomez6@example.com,2023-04-30
7,Paula,Blanco,paula.blanco7@example.com,2023-01-14
8,Alberto,Gomez,alberto.gomez8@example.com,2024-01-02
9,Alberto,Ramos,alberto.ramos9@example.com,2023-04-23
10,Clara,Marin,clara.marin10@example.com,2023-05-23
11,Ana,Perez,ana.perez11@example.com,2023-12-24
12,Ruben,Alvarez,ruben.alvarez12@example.com,2023-05-23
13,Elena,Gomez,elena.gomez13@example.com,2024-01-26
14,Laura,Martinez,laura.martinez14@example.com,2023-02-17
15,Nuria,Martinez,nuria.martinez15@example.com,2023-07-03
16,Marcos,Blanco,marcos.blanco16@example.com,2023-05-16
17,Luis,Vega,luis.vega17@example.com,2023-10-02
18,Carlos,Torres,carlos.torres18@example.com,2023-02-10
19,Alberto,Moreno,alberto.moreno19@example.com,2023-11-18
20,Hugo,Romero,hugo.romero20@example.com,2023-10-23
21,Sofia,Lopez,sofia.lopez21@example.com,2023-01-24
22,Diego,Moreno,diego.moreno22@example.com,2023-02-10
23,Diego,Martinez,diego.martinez23@example.com,2023-07-14
24,Lucia,Vega,lucia.vega24@example.com,2023-11-22
25,Marcos,Perez,marcos.perez25@example.com,2023-07-09
26,Marcos,Gomez,marcos.gomez26@example.com,2023-12-10
27,Lucia,Lopez,lucia.lopez27@example.com,2023-11-08
28,Javier,Rubio,javier.rubio28@example.com,2024-01-09
29,Diego,Perez,diego.perez29@example.com,2023-08-25
30,Nuria,Diaz,nuria.diaz30@example.com,2023-11-24
31,Alberto,Ruiz,alberto.ruiz31@example.com,2023-12-17
32,Laura,Fernandez,laura.fernandez32@example.com,2023-04-28
33,Luis,Alvarez,luis.alvarez33@example.com,2023-07-25
34,Lucia,Lopez,lucia.lopez34@example.com,2023-04-19
35,Irene,Alvarez,irene.alvarez35@example.com,2023-04-19
36,Sergio,Torres,sergio.torres36@example.com,2023-11-26
37,Clara,Sanchez,clara.sanchez37@example.com,2023-05-16
38,Elena,Ruiz,elena.ruiz38@example.com,2024-01-17
39,Alberto,Rubio,alberto.rubio39@example.com,2023-05-15
40,Irene,Ramos,irene.ramos40@example.com,2023-10-26
41,Nuria,Romero,nuria.romero41@example.com,2023-04-23
42,Elena,Ortiz,elena.ortiz42@example.com,2023-09-10
43,Marta,Fernandez,marta.fernandez43@example.com,2023-02-26
44,Elena,Perez,elena.perez44@example.com,2023-12-15
45,Ruben,Blanco,ruben.blanco45@example.com,2023-02-02
46,Nuria,Torres,nuria.torres46@example.com,2023-11-02
47,Clara,Ortiz,clara.ortiz47@example.com,2023-05-09
48,Alberto,Garcia,alberto.garcia48@example.com,2023-12-15
49,Carlos,Rubio,carlos.rubio49@example.com,2024-01-20
50,Lucia,Alvarez,lucia.alvarez50@example.com,2023-02-27
51,Pablo,Ramos,pablo.ramos51@example.com,2023-03-22
52,Clara,Garcia,clara.garcia52@example.com,2024-01-05
53,Lucia,Ortiz,lucia.ortiz53@example.com,2024-01-26
54,Javier,Ortiz,javier.ortiz54@example.com,2023-02-24
55,Pablo,Ortiz,pablo.ortiz55@example.com,2023-11-08
56,Sofia,Sanchez,sofia.sanchez56@example.com,2023-07-11
57,Javier,Rubio,javier.rubio57@example.com,2024-02-03
58,Paula,Garcia,paula.garcia58@example.com,2023-11-03
59,Laura,Castro,laura.castro59@example.com,2023-01-10
60,Carlos,Romero,carlos.romero60@example.com,2023-06-07
61,Diego,Fernandez,diego.fernandez61@example.com,2023-05-04
62,Irene,Lopez,irene.lopez62@example.com,2023-02-13
63,Sergio,Lopez,sergio.lopez63@example.com,2024-01-25
64,Alberto,Sanchez,alberto.sanchez64@example.com,2023-03-07
65,Sergio,Rubio,sergio.rubio65@example.com,2023-03-26
66,Lucia,Ortiz,lucia.ortiz66@example.com,2023-11-07
67,Ruben,Gomez,ruben.gomez67@example.com,2023-10-04
68,Sofia,Moreno,sofia.moreno68@example.com,2023-07-24
69,Marcos,Vega,marcos.vega69@example.com,2023-09-22
70,Clara,Martinez,clara.martinez70@example.com,2023-05-07
71,Diego,Lopez,diego.lopez71@example.com,2023-06-23
72,Ana,Marin,ana.marin72@example.com,2023-10-11
73,Diego,Marin,diego.marin73@example.com,2023-04-23
74,Ana,Lopez,ana.lopez74@example.com,2023-12-29
75,Luis,Ruiz,luis.ruiz75@example.com,2023-02-04
76,Luis,Alvarez,luis.alvarez76@example.com,2023-02-06
77,Paula,Ruiz,paula.ruiz77@example.com,2023-05-23
78,Sergio,Gomez,sergio.gomez78@example.com,2023-10-04
79,Elena,Marin,elena.marin79@example.com,2023-10-23
80,Sergio,Ruiz,sergio.ruiz80@example.com,2023-08-31
81,Ruben,Gomez,ruben.gomez81@example.com,2023-02-18
82,Carlos,Ramos,carlos.ramos82@example.com,2023-07-01
83,Ruben,Ramos,ruben.ramos83@example.com,2023-08-28
84,Luis,Martinez,luis.martinez84@example.com,2023-02-01
85,Nuria,Alvarez,nuria.alvarez85@example.com,2023-02-25
86,Diego,Gomez,diego.gomez86@example.com,2023-04-08
87,Alberto,Vega,alberto.vega87@example.com,2023-03-13
88,Ruben,Perez,ruben.perez88@example.com,2023-05-23
89,Clara,Ruiz,clara.ruiz89@example.com,2023-02-08
90,Clara,Rubio,clara.rubio90@example.com,2023-02-20
91,Luis,Rubio,luis.rubio91@example.com,2023-01-08
92,Marta,Ruiz,marta.ruiz92@example.com,2023-03-27
93,Ruben,Castro,ruben.castro93@example.com,2023-09-04
94,Sofia,Torres,sofia.torres94@example.com,2023-01-31
95,Javier,Torres,javier.torres95@example.com,2023-01-02
96,Nuria,Diaz,nuria.diaz96@example.com,2023-08-21
97,Pablo,Ramos,pablo.ramos97@example.com,2023-12-23
98,Alberto,Castro,alberto.castro98@example.com,2023-03-21
99,Sofia,Moreno,sofia.moreno99@example.com,2023-04-22
100,Luis,Marin,luis.marin100@example.com,2024-01-12
